BRANCH_ID,IS_ACTIVE,PROD_DATE,MODEL_ID,CAR_ID
848,0,1940-10-14,2601197572,1
361,0,1967-10-15,5011782760,2
975,1,1989-10-26,7771770448,3
126,1,1980-12-13,6678408305,4
900,1,1949-10-10,5817385803,5
619,1,1936-08-13,5373109818,6
218,0,1936-08-26,8227311386,7
468,1,1947-04-26,1154317171,8
610,0,1948-07-07,2888102249,9
287,1,2004-11-17,9854269113,10
433,1,1944-04-03,7734495097,11
398,1,2005-10-09,1287867330,12
384,0,1983-03-31,5493343726,13
904,0,1994-06-10,7984737183,14
137,0,1944-08-15,5640964062,15
976,0,1943-01-06,3629194461,16
561,0,1962-04-06,6079583075,17
835,0,2002-06-17,0374046961,18
045,1,1994-04-15,0700041409,19
711,1,1971-01-10,3115421224,20
330,0,1935-02-26,3618202330,21
414,0,1989-02-06,1802683700,22
392,1,1979-08-31,9919088778,23
496,0,1936-10-05,4993024003,24
752,0,1949-03-17,1809602633,25
205,0,1962-05-24,0493594278,26
623,0,1995-11-23,5746120188,27
144,0,1984-05-28,7146477043,28
907,1,1951-09-23,5899368202,29
438,1,1992-06-24,0551481489,30
407,0,1942-05-29,6595550755,31
304,1,1977-11-11,1537857258,32
258,0,2021-02-02,8929521115,33
353,0,1969-08-15,4961666951,34
768,0,1942-04-25,1387849931,35
453,1,1938-07-29,2186140389,36
429,0,1982-09-15,9381896489,37
869,0,1980-05-03,4007562561,38
274,0,1962-01-25,4729063465,39
034,1,2002-03-23,1011286493,40
610,1,1960-07-18,8739531067,41
833,1,1946-11-13,3538582684,42
354,1,2009-01-02,2435717471,43
371,1,1995-02-03,5002785810,44
043,0,1994-10-09,5315985763,45
993,1,2011-12-17,2529503922,46
800,1,1996-06-01,0361277538,47
031,0,1948-06-06,9961350489,48
593,1,1946-07-09,6008115079,49
810,1,1954-01-28,5754948219,50
598,0,1936-02-08,2600115416,51
902,0,2018-01-01,4257355195,52
821,0,2012-12-22,2320159093,53
152,0,1947-12-01,3264332776,54
063,1,1942-04-04,7047479964,55
130,1,2015-03-11,1987858702,56
664,0,1968-04-10,1301639487,57
984,0,1937-02-10,8742515033,58
178,1,2021-02-08,1046043143,59
650,0,2003-02-01,9275468391,60
796,1,1984-04-06,9662654232,61
929,0,1997-07-21,7167013786,62
225,1,2005-03-15,9824266081,63
514,0,1958-04-07,3681303884,64
662,0,1992-08-15,5176496346,65
149,0,1994-06-27,4097050618,66
698,0,2014-09-19,5683433511,67
938,1,1942-01-14,4887790631,68
535,1,1945-08-20,3974258771,69
051,0,1988-03-19,4968574031,70
003,0,1952-03-13,8876461885,71
740,0,1996-08-18,5660518604,72
870,0,2005-03-28,3106618740,73
250,1,2014-09-26,0337529442,74
676,0,2006-05-10,3719837335,75
254,0,1957-02-12,9994203134,76
620,0,1950-12-30,7065249181,77
376,0,1974-03-16,3454388260,78
975,0,1968-10-10,2703663410,79
048,0,1944-02-19,7450929619,80
937,0,1999-10-13,9103603362,81
792,1,2006-06-29,3096599435,82
646,0,1967-09-28,6648603035,83
745,0,1934-12-13,2249360007,84
825,0,1947-06-01,5009209052,85
024,1,1968-01-02,5042061257,86
236,1,2015-11-23,4162318987,87
111,0,1969-07-12,1554814795,88
853,1,1939-03-19,8704825189,89
581,0,1933-08-14,3944216760,90
713,0,1945-05-16,8290894741,91
477,1,1932-11-02,0467681889,92
897,0,1985-11-03,4427956437,93
915,0,2013-04-23,5777390053,94
958,0,1956-04-21,0989340165,95
187,0,1949-04-29,7688802589,96
892,1,1932-11-22,5933851153,97
391,0,1989-12-11,3860275911,98
321,0,2019-11-12,3126792412,99
013,0,2017-03-18,7209881646,100
375,0,1947-10-22,0708681017,101
227,0,2018-08-24,2388442467,102
926,0,1996-02-09,7813452553,103
629,1,1979-11-29,5477509440,104
418,0,1937-09-03,0609419529,105
917,0,1981-07-14,9341314507,106
296,1,1971-12-12,3537423698,107
847,0,2005-03-16,0821207810,108
788,0,1934-02-28,6545543738,109
694,0,1988-03-19,2289466909,110
660,0,2002-12-13,9435414689,111
089,0,2000-11-12,7529298225,112
931,0,2002-07-31,6736323263,113
157,1,1990-07-26,1191142129,114
276,1,1947-07-09,8685558377,115
057,0,1974-11-27,0462389579,116
932,1,1988-12-24,4505515504,117
692,1,1988-12-17,4142644212,118
550,1,1992-07-05,2711035154,119
093,0,2001-10-10,6981249045,120
874,1,1975-08-30,4850857243,121
987,0,1994-04-30,0765617565,122
892,0,1981-03-22,5160413256,123
516,1,1950-12-20,4994537999,124
574,1,2012-03-01,1994327082,125
190,0,1970-04-18,0925222129,126
097,1,2020-05-05,8454345666,127
097,0,1982-02-23,8531726986,128
221,1,1994-11-07,8214817822,129
444,0,1971-07-29,0163173010,130
945,0,1961-05-06,1442560843,131
528,1,1977-02-01,9674491909,132
404,1,1962-11-13,1664787508,133
351,0,1991-03-30,2187682429,134
159,0,1949-08-19,3006348752,135
348,0,2006-07-04,8141540887,136
634,1,1977-10-01,8122880285,137
087,0,2000-05-04,3959136231,138
086,1,1933-08-21,7878844884,139
040,0,1933-03-07,5114053776,140
700,1,1952-06-29,2050264510,141
574,1,1959-07-11,7620512799,142
731,0,2004-05-18,5555871722,143
302,1,1943-03-08,0167825646,144
301,0,2016-08-23,8681693604,145
668,0,1979-03-22,1484314767,146
460,0,2005-01-29,2222873982,147
331,1,1944-02-07,5382160296,148
687,1,2021-02-13,0039502347,149
404,1,1955-01-30,7384627777,150
849,0,1975-03-18,5233105832,151
651,1,1987-12-19,6502648807,152
312,1,1994-10-24,7774424664,153
489,1,1935-06-26,0003571483,154
592,0,2018-04-07,5006841834,155
592,1,2014-05-22,8734985685,156
864,1,1945-03-03,0114007832,157
422,1,1944-04-05,1513579959,158
529,1,1955-12-26,0169693185,159
298,0,1947-09-15,4347745518,160
842,0,1985-09-20,6316501132,161
642,0,1980-08-12,0878191440,162
103,1,2016-06-23,9230573582,163
765,0,1941-06-30,8597241335,164
261,1,1932-07-21,4659834999,165
412,0,1952-10-11,1437426979,166
652,0,2004-06-28,5483633324,167
631,1,1955-12-31,9639489416,168
201,0,2017-07-25,0748372301,169
716,0,1947-12-07,3818833288,170
576,0,1935-06-19,5738826278,171
417,1,1942-09-24,4479108074,172
101,0,1983-10-14,3632819937,173
232,1,1981-06-21,7196907242,174
648,0,1949-03-09,6854612863,175
533,0,1970-11-04,4348473983,176
988,0,2020-01-30,9500002197,177
189,0,2016-10-02,6744721211,178
988,1,1984-10-14,9253084109,179
083,1,2017-05-08,3769711937,180
459,1,2011-04-14,1617918206,181
339,0,1944-09-04,4136812545,182
847,1,2013-02-17,2729203350,183
220,0,1959-02-09,1864208017,184
893,0,2015-01-11,9867151001,185
718,0,2000-03-09,8030824506,186
556,1,1960-04-01,5586137930,187
175,1,1965-03-03,6897418668,188
126,0,1992-02-16,4727788733,189
410,1,1967-01-15,4123186690,190
136,0,1939-07-03,7558592026,191
533,1,2001-04-12,9012310034,192
992,1,2007-04-19,9852090112,193
457,1,2013-01-15,7731378316,194
076,1,1971-05-20,9385940685,195
915,1,1992-08-26,3942515046,196
809,0,1971-05-01,4637098070,197
758,1,1936-11-08,6855417160,198
438,0,1970-06-17,5129847616,199
646,1,1982-05-04,8759041598,200
622,0,1951-08-14,3189968495,201
462,1,1937-04-16,6782080423,202
958,0,1992-02-19,0774351111,203
382,1,2019-07-21,7291529162,204
272,0,2003-04-02,9570517310,205
470,1,1978-11-26,5500671584,206
034,1,2000-11-15,2983812715,207
131,1,1955-02-05,1621322948,208
389,0,2000-08-05,8876985204,209
526,1,1992-07-05,9332224256,210
905,1,1973-02-15,4112369597,211
755,0,1948-02-03,9387444250,212
792,1,1933-03-11,0389823834,213
333,1,1983-11-30,3867249280,214
454,1,2000-06-03,4014968032,215
999,0,2006-06-21,6574351565,216
150,0,2008-12-03,8044240684,217
746,0,1987-07-29,2999403510,218
895,1,1989-04-23,3271027995,219
678,1,1984-05-03,4684978584,220
265,0,1951-09-23,9572171078,221
622,0,1937-10-04,6572907153,222
373,1,1948-03-11,4453962345,223
421,0,2014-05-11,7101192107,224
842,1,1967-03-02,7365678995,225
422,0,1966-05-17,2676110640,226
479,0,1977-06-26,0107187603,227
154,0,1986-07-14,0780030404,228
479,1,1979-05-09,1806495601,229
149,1,1933-06-13,5535431409,230
059,1,1981-08-23,0657279224,231
364,1,2017-12-23,7670568363,232
953,1,1962-10-08,1804746506,233
683,1,1968-01-20,2059013396,234
600,0,1996-09-05,0571981773,235
788,1,1983-08-11,4898802562,236
828,0,1998-01-06,2831797737,237
892,0,1987-01-12,4886975266,238
297,1,1983-08-03,1953864058,239
549,1,2016-10-27,6127765518,240
104,0,1940-02-19,1146954122,241
685,1,1962-11-03,7636418092,242
156,0,2020-12-02,9597440809,243
613,0,2003-06-29,8049091007,244
636,1,1983-06-18,3955858851,245
787,1,1984-10-07,1370707100,246
088,1,1970-07-11,5173042798,247
786,0,1967-07-06,5310565649,248
536,1,1988-10-29,2171297753,249
793,0,1985-11-11,7025222472,250
342,0,1961-02-23,6646189523,251
695,1,1957-01-26,1356876841,252
294,0,2016-07-29,9423712323,253
435,0,2009-03-18,7630447256,254
336,0,1974-12-31,3539868682,255
090,0,1960-12-04,2773443667,256
529,1,1945-07-01,5244580120,257
783,0,2011-12-19,4350585981,258
868,0,2004-11-29,1876281625,259
115,0,1974-08-08,4021993151,260
083,1,2018-12-28,4756694502,261
425,1,1965-05-08,0142009323,262
664,1,1967-11-15,8334032900,263
193,1,2003-06-24,9899023485,264
934,0,1965-04-24,7144298109,265
131,0,1954-02-21,7489949040,266
012,0,1975-04-18,2914359991,267
114,1,2019-02-05,8459788670,268
583,0,1984-03-09,1805484653,269
294,1,1972-09-18,8538298909,270
218,0,1947-11-09,4986602658,271
150,0,1976-07-09,4941961121,272
604,0,1937-09-08,8521562547,273
975,1,1986-10-16,3060842653,274
186,1,2018-11-11,4620322632,275
261,1,1977-01-21,6157925930,276
422,0,1962-07-29,6245246796,277
913,0,1952-01-21,5590676395,278
502,1,2011-04-03,6623635085,279
397,1,1992-02-27,3415235391,280
864,0,1950-06-27,4274875849,281
370,0,1988-10-01,4478516627,282
499,1,1952-10-13,3419581348,283
209,1,2008-05-19,9147676538,284
329,0,1989-02-07,8638375713,285
745,0,2009-11-25,2502460407,286
375,0,1975-08-13,8125731056,287
914,1,1962-12-06,0513234135,288
218,0,1935-01-22,3588943620,289
231,1,1942-02-08,5928092477,290
137,1,2016-11-14,2725211467,291
940,0,1940-10-23,3384452773,292
775,0,2009-01-25,4671520754,293
763,1,1986-07-20,3441112431,294
399,1,1988-07-30,0264421398,295
042,1,1939-12-29,7302914310,296
550,0,1964-07-31,2387024284,297
990,0,2016-03-12,2962856994,298
985,0,2000-01-12,8920090036,299
331,0,1982-07-30,0529337729,300
894,1,1974-01-24,7136437002,301
502,1,1953-07-01,4915243165,302
212,0,1940-02-17,3931271008,303
517,0,2011-07-19,9534508525,304
510,0,1981-02-11,0259405178,305
484,1,2003-09-12,4336126945,306
639,1,2017-02-04,6886351436,307
841,0,2012-05-05,5978823780,308
464,1,2019-06-22,6983200687,309
116,1,1994-08-11,4029720003,310
369,0,1964-03-03,3494549500,311
896,0,1983-01-17,4086031197,312
021,0,2001-03-28,2342865009,313
587,0,1975-05-24,3352483901,314
391,1,2004-03-25,0163254565,315
288,1,1970-03-19,4948208237,316
074,0,1944-10-23,1132540795,317
924,0,1948-03-11,7004035074,318
413,0,1934-08-01,5841722533,319
316,0,1951-05-18,4314047839,320
342,1,1979-11-15,0743611363,321
740,1,1943-01-10,7404617663,322
181,1,1990-05-06,3268854024,323
116,0,2005-12-25,9306364161,324
086,1,1996-05-05,5580901760,325
233,1,2003-10-30,7923863312,326
248,0,1967-10-29,5873227253,327
887,1,1976-07-01,0829878321,328
334,1,1971-09-04,3443610635,329
991,1,1962-12-13,1807786240,330
455,0,1982-09-19,0176169448,331
293,1,1940-03-28,3200925844,332
562,0,1948-04-19,9840312262,333
333,0,1933-07-28,8350523154,334
279,0,2020-07-01,5369301669,335
806,1,1964-03-09,3410352283,336
761,1,1994-07-31,5703026933,337
840,1,1972-04-24,9752480416,338
440,1,2008-04-01,3818360518,339
966,0,1985-05-17,8195873609,340
065,0,2013-02-18,4108015617,341
016,0,1982-07-03,1940212856,342
192,1,1999-12-19,1527907864,343
452,1,1978-04-04,7655607493,344
202,0,1935-06-03,3288856629,345
792,1,1939-11-21,3056091808,346
838,1,1968-05-09,2413336010,347
818,1,2012-05-07,1790454007,348
451,0,2005-07-10,7079204129,349
684,1,1952-07-18,3463487062,350
850,0,1963-05-21,6479756591,351
151,1,1995-04-08,9147672430,352
835,1,2008-08-24,7032517946,353
741,0,1945-12-24,4825061360,354
826,1,2013-11-20,0795105909,355
582,0,1952-07-24,3825238242,356
377,0,2004-09-17,4022799348,357
092,1,2016-10-10,5484088988,358
255,0,1992-10-13,0735423527,359
651,1,1979-07-14,1445486049,360
375,1,1938-04-17,2513157765,361
246,0,1940-03-24,0523664350,362
582,0,2011-01-01,7912484635,363
566,1,1937-07-26,4534381990,364
265,1,1950-09-28,6904207091,365
365,1,2013-02-04,9987596887,366
017,1,1991-02-03,2920205688,367
839,0,1973-06-15,4773516722,368
865,1,1933-08-14,4505485819,369
814,1,1935-08-23,8862925629,370
106,0,1954-11-25,2494883211,371
089,1,1986-05-06,4432783457,372
376,1,1970-12-17,7070181564,373
689,1,1935-08-02,2213990215,374
110,1,1965-10-14,9972065668,375
376,1,2009-08-15,1280057609,376
851,0,1968-12-13,8403917626,377
573,1,1954-12-28,1745657827,378
727,1,1991-10-24,2856520066,379
309,0,2014-11-21,9114130243,380
916,0,2020-05-16,2738288823,381
937,0,1935-06-29,0952588039,382
173,1,2002-05-19,3116926777,383
205,1,1979-04-17,0145606934,384
826,1,1982-06-05,3081495261,385
315,1,1980-06-25,6253205850,386
535,1,1962-12-21,7630488035,387
908,0,1982-08-17,1351385012,388
946,1,1932-11-08,2130696644,389
626,1,1984-09-17,5824728766,390
447,1,1941-07-25,3518523829,391
622,1,1961-06-17,3709572325,392
406,0,1981-03-04,6885694176,393
637,0,1993-08-11,6449138828,394
805,0,1992-06-10,8931973785,395
271,0,1998-10-04,7708166333,396
869,0,1981-07-12,1517769187,397
689,1,1965-07-22,1469220413,398
684,1,2009-09-07,8001090491,399
397,1,1963-02-18,4528143788,400
689,1,1997-08-26,9398944072,401
462,0,2012-11-08,7604445020,402
531,1,1939-02-17,0065546684,403
037,1,2014-01-16,8081674975,404
200,1,1962-12-28,6369269821,405
210,1,1969-07-12,1061291911,406
231,1,1977-08-06,7496897853,407
728,1,2018-01-27,8153860432,408
453,0,1999-09-12,1241718889,409
990,0,1961-01-10,7765984006,410
357,0,1950-01-12,2177578496,411
102,0,1951-08-27,3106080188,412
032,1,1939-02-09,1457867028,413
040,0,2017-04-21,1596242759,414
185,0,2005-01-11,1258341226,415
293,0,1950-08-01,1171168318,416
461,1,2011-07-23,7743712767,417
673,0,1972-07-06,2691883916,418
321,1,2004-10-18,4653424470,419
846,0,1964-04-09,8596273771,420
776,0,2005-12-19,3389863112,421
142,0,2013-02-16,0353553953,422
558,1,1980-12-04,8787422243,423
717,0,1957-06-10,8943547205,424
213,1,1934-06-15,8452286476,425
306,1,1948-08-11,0317157330,426
128,1,1953-12-27,4034513811,427
813,0,1938-11-03,2788697931,428
830,1,1974-07-01,3156906335,429
196,1,2005-12-15,9879423882,430
577,0,1937-01-02,2125144958,431
444,1,2007-08-12,1749926983,432
435,0,1968-06-09,4391055562,433
288,0,1937-11-11,1311739278,434
897,0,1955-07-31,2146054197,435
949,0,1986-04-09,8251080904,436
067,0,1981-02-15,4395964937,437
000,1,2014-04-09,2576009791,438
702,0,1958-07-08,5084518304,439
950,1,2010-05-06,8609117157,440
921,0,1995-02-12,8769844644,441
804,0,2016-02-04,4735607524,442
165,0,1966-06-25,0128940586,443
920,0,1968-02-02,3591197354,444
730,1,2013-01-15,4019534137,445
315,0,1982-04-04,8363756170,446
632,0,1993-07-15,8781558391,447
832,0,2019-03-30,1266591975,448
829,0,1963-09-13,5122227080,449
743,1,2003-04-09,5713742354,450
030,1,1947-03-20,4729299063,451
064,1,2016-11-04,0185387099,452
386,1,1963-12-02,7676437979,453
495,1,1945-03-07,5674400617,454
646,1,2020-11-04,7873488393,455
824,1,1945-11-16,8729606246,456
089,0,1975-08-02,2123089473,457
588,0,2003-07-02,8465883352,458
295,1,1946-02-23,8859648894,459
115,1,1947-10-07,0762591620,460
021,0,1999-10-24,0310652505,461
171,1,1938-11-16,1978614506,462
133,0,1941-08-26,8191792625,463
865,1,2015-02-13,5512858441,464
558,1,1974-06-30,5565470325,465
886,1,1949-11-10,6251397882,466
169,0,1969-09-01,6784583410,467
092,0,1997-12-27,2472359962,468
841,1,1956-05-25,7987531908,469
181,0,1944-03-20,1959938704,470
453,1,2017-05-12,0862191590,471
634,0,1943-06-26,7286455101,472
783,0,1933-06-15,4529864904,473
647,1,1976-02-20,6147755663,474
667,0,1972-06-11,8460531095,475
090,0,1964-11-13,9884863718,476
886,1,1954-07-12,5321782285,477
803,0,1948-07-29,2622069079,478
664,1,1995-07-27,0324240193,479
863,0,1937-02-02,0641550660,480
587,0,1949-09-13,0727929779,481
223,0,2011-08-12,8275943380,482
085,1,1974-08-25,6003731280,483
347,0,1942-12-22,2609539888,484
877,1,2004-04-12,6988259826,485
620,0,1951-09-03,7299156216,486
616,1,1997-04-06,5791878100,487
128,1,1967-10-13,0117978931,488
882,1,1971-10-03,0162356219,489
885,0,1952-02-19,0761675804,490
659,0,2003-11-27,1711428586,491
061,0,1950-02-07,3996476093,492
416,0,1990-09-07,7142526997,493
675,1,1962-05-17,4258289220,494
922,1,2009-11-12,8776630558,495
410,1,1948-08-22,3828370010,496
953,1,1958-08-16,4336297294,497
808,0,2010-03-20,8046121251,498
870,1,1972-12-26,7922683270,499
877,1,2019-09-09,3743270908,500
134,1,2006-07-10,5093230803,501
406,1,1992-05-04,5265054357,502
529,0,1952-01-31,3755170941,503
030,1,1994-05-13,2736871462,504
937,0,1990-04-29,0573721149,505
133,1,2003-12-03,5608828679,506
542,0,2016-02-28,7527032255,507
742,0,2007-05-19,7288733067,508
531,1,1961-09-21,3537620030,509
811,1,1969-03-03,6311976328,510
303,0,2018-05-20,9914622194,511
916,0,2007-01-01,7951293815,512
947,0,2003-06-28,6901529463,513
345,0,1985-11-13,8422324183,514
794,0,2021-01-31,4223551826,515
842,0,2009-06-03,6354950278,516
964,1,1976-11-25,9965844867,517
134,1,1962-06-15,0579474282,518
964,0,1933-11-07,4550832337,519
633,1,1958-12-09,8130511628,520
658,0,1942-11-14,1712034297,521
392,1,1979-05-31,9509876586,522
745,0,1937-01-23,0518090166,523
177,0,1942-10-08,1922092854,524
497,0,1987-09-14,7049312442,525
900,1,2006-12-31,2158650778,526
542,0,1975-08-14,5774776433,527
964,0,1976-09-01,7967442254,528
330,0,1962-06-26,9223355913,529
402,1,1936-04-18,8122497585,530
747,0,1956-08-24,2640841008,531
900,1,1979-03-14,0692974392,532
768,1,2003-04-26,5759200312,533
947,0,1979-04-14,0013226073,534
696,1,1999-02-15,4724405494,535
622,0,2000-02-27,6164339347,536
335,1,1937-04-17,6202261383,537
719,1,1937-05-20,5308499683,538
308,0,2015-05-31,2201675013,539
887,1,1987-03-31,7139049590,540
269,1,2006-05-10,7786165763,541
651,0,1999-09-25,3546594603,542
948,0,1998-08-29,3463818191,543
865,1,2005-10-01,3838333902,544
912,1,1996-04-06,2426440831,545
374,1,1937-02-20,4697718102,546
716,1,2003-01-02,7793418566,547
274,0,1965-07-10,4979540395,548
671,1,1994-12-13,9490166563,549
947,0,2002-11-29,7119260671,550
869,1,1987-05-16,8572061170,551
009,0,1942-04-21,2864182176,552
614,0,1987-08-18,6285608821,553
202,0,1964-01-21,6913624208,554
856,0,1967-06-04,0622821185,555
883,1,1982-10-09,8607555111,556
116,1,1993-04-29,0764953307,557
281,0,1936-04-20,7497259450,558
535,0,2017-07-20,0558244037,559
647,0,1941-09-29,1164364109,560
153,0,2000-10-02,9517833583,561
619,1,1979-04-11,8291194941,562
437,1,1991-08-14,0451775093,563
854,0,2019-11-06,9313930055,564
988,1,2004-08-01,1925102571,565
166,1,1984-02-14,0635980557,566
695,0,1993-10-05,9586153159,567
500,1,1963-06-30,9949894261,568
609,0,2006-09-10,2425391682,569
990,0,1952-10-31,2486143486,570
600,1,1982-12-09,6854924954,571
565,0,1976-09-22,6495009183,572
287,1,1972-07-31,3010202917,573
211,1,1976-04-07,1493876999,574
048,0,2003-01-07,4911125348,575
491,1,2005-04-02,7516886747,576
917,1,1969-07-29,4687325395,577
254,0,1972-07-22,7137726774,578
144,0,1974-08-14,2098379620,579
159,0,1993-10-22,5255441483,580
412,1,1971-01-07,7982571520,581
296,0,1973-01-01,5515912001,582
354,0,1954-07-24,8101123692,583
698,0,1989-02-24,3996546592,584
612,1,1951-03-17,8318922924,585
582,0,1937-12-19,6706311947,586
310,0,1983-08-31,7313003373,587
575,0,1983-12-05,9634146135,588
744,1,2006-05-21,6446150103,589
682,1,1948-08-27,1523335102,590
186,0,1989-11-28,4860342753,591
831,1,1984-08-17,6680068805,592
628,0,1938-02-18,5447288657,593
583,1,1933-12-18,7784559529,594
899,1,1947-07-21,7383816106,595
515,1,1982-02-05,1786393497,596
935,1,2000-05-10,8644805872,597
820,1,1987-11-06,6418300450,598
388,1,1934-02-03,0715642248,599
030,0,1959-05-08,1122925690,600
125,0,1985-08-29,9660474192,601
202,0,1970-11-11,4090066834,602
950,0,2013-04-07,0976828654,603
414,0,1970-03-21,5048472979,604
062,0,1959-02-12,2193868017,605
133,1,1982-04-06,4414386638,606
242,0,1969-05-18,1043972371,607
263,1,1973-05-30,6492750922,608
433,1,1949-10-10,0922138362,609
397,0,1987-08-03,0724961622,610
634,1,2002-05-30,4145839233,611
922,1,1949-08-20,4214120612,612
205,1,1941-06-02,7951426547,613
342,0,1996-10-09,7514172968,614
742,0,1961-09-09,6518445628,615
779,1,1986-03-14,6779672311,616
489,1,1987-01-30,8866783773,617
853,0,1951-06-29,3616189632,618
566,0,2006-05-19,7037742337,619
926,0,2008-09-21,1072765919,620
069,1,2000-12-24,0798587163,621
403,0,1984-11-09,4648554301,622
467,0,2020-10-07,9076549499,623
061,1,1970-01-27,4589691214,624
153,1,1936-05-05,7593711158,625
094,0,2013-10-05,5681510525,626
387,0,1967-12-16,7713171467,627
557,1,1973-01-23,0342550084,628
210,1,1968-12-16,1962317592,629
477,0,1985-05-12,5026574600,630
612,1,1961-12-21,9243857415,631
480,1,1999-06-14,3049715429,632
278,0,1965-05-21,9456320466,633
059,0,1968-05-11,0684030275,634
164,0,2019-11-23,9839479901,635
329,1,1994-10-09,1409302625,636
972,1,1961-03-11,5541471997,637
750,0,1983-01-22,5614776446,638
376,1,2015-02-23,0755709315,639
565,1,2005-12-08,8723214883,640
636,0,1963-05-30,9623922133,641
687,0,2015-11-21,8536240467,642
381,1,1960-01-19,2359210372,643
344,0,1972-04-07,1080836099,644
330,1,1995-11-12,2043342513,645
424,0,2020-03-23,9810440785,646
138,0,1965-06-01,9118006620,647
061,1,1944-06-14,8135866429,648
092,0,1936-10-01,4401814877,649
665,0,1985-12-10,0712866190,650
528,1,1996-02-29,9273809870,651
162,1,1961-08-31,8817414729,652
528,0,1999-01-12,5851164305,653
541,1,2018-12-13,7684759995,654
092,1,1951-07-25,0731671220,655
625,1,1962-12-31,4826959363,656
828,0,1979-12-15,3155595229,657
626,1,1990-09-07,0486842013,658
018,1,1984-07-14,2916278368,659
593,0,2014-01-21,5321900456,660
243,1,1962-10-20,4641398087,661
121,1,1942-03-29,4426415430,662
009,0,1980-01-13,6266230507,663
615,0,1968-08-01,6811591392,664
155,0,1988-01-04,9771556199,665
830,0,1968-11-11,3857236017,666
500,1,1966-02-28,8726040867,667
964,0,1960-04-30,2206794134,668
743,1,1992-12-30,8812986784,669
505,1,1968-04-02,8095971180,670
817,0,2015-01-15,9172444475,671
362,1,1978-08-16,3363966917,672
988,0,1983-05-09,1301993938,673
656,1,1990-05-15,4801834750,674
385,0,1995-01-21,5302298532,675
412,1,1997-09-01,1823200226,676
489,0,1937-02-24,2486908454,677
517,0,1984-11-07,7734243510,678
351,0,1995-06-22,5155423925,679
998,1,1980-09-16,6688795424,680
605,0,1979-06-11,2958220463,681
129,0,2015-05-27,8089006791,682
606,0,1936-02-09,0369105279,683
893,0,1954-10-30,8972912495,684
245,1,1937-07-09,6012678477,685
663,0,1999-12-16,0647567783,686
637,0,1959-10-16,0675899096,687
156,1,1975-02-20,0756883562,688
396,0,1994-11-10,9028861143,689
318,1,1961-12-26,7004596426,690
648,0,1956-06-05,4479333783,691
593,1,1968-04-26,2459433050,692
787,1,1952-01-17,9541655030,693
423,0,1944-04-15,7162085407,694
166,1,2008-11-13,1815696690,695
084,0,1978-07-01,5897467821,696
547,0,1942-03-27,4901914965,697
948,1,1957-11-21,4962255471,698
385,0,1955-10-10,2187797241,699
839,0,2019-03-22,1762966177,700
086,1,2001-08-15,8160406359,701
860,1,1965-11-17,0978062589,702
379,1,2003-08-05,8975055531,703
820,1,1974-09-02,1497487451,704
922,0,1941-10-21,6136661158,705
240,1,2014-03-19,3241757267,706
666,1,1969-04-12,4822238024,707
744,1,1952-10-30,6657637094,708
836,1,1938-07-11,2616499378,709
363,0,1952-02-24,2916375234,710
024,1,1987-04-28,2533407519,711
739,0,1973-09-16,8239641108,712
666,1,1967-07-02,4584750604,713
783,0,1966-11-20,7090545511,714
062,1,2013-11-11,1970017960,715
174,0,2002-11-12,9381064645,716
904,0,1994-07-30,4006419568,717
842,1,1989-10-06,2354768357,718
602,0,1977-11-01,9814414242,719
927,0,1999-08-15,6328476713,720
713,0,2000-02-23,6222609227,721
931,0,1948-10-06,0933879986,722
411,0,1954-05-30,9831825034,723
794,1,2009-03-07,0778820715,724
953,0,2012-02-10,7913033144,725
081,1,1954-05-31,9564672691,726
800,0,1942-12-10,4416530861,727
544,0,1939-03-07,2263637948,728
664,1,1950-03-24,9552150475,729
309,1,1937-08-24,0292191113,730
717,1,1963-04-07,0622884587,731
374,1,2000-11-29,1994592880,732
099,0,2021-02-08,0282088955,733
179,0,1983-11-19,6579269429,734
615,1,1981-02-25,0892247285,735
044,1,1985-05-01,8014000952,736
709,0,1976-11-10,9089451927,737
169,1,1950-07-10,0447692294,738
366,0,1938-05-04,8827401836,739
648,1,1952-06-17,4408775988,740
415,0,1950-08-06,6806150201,741
853,0,1938-10-09,9555677639,742
520,1,1966-04-13,3269867100,743
139,1,2001-01-29,2700987400,744
600,0,2014-12-20,5469753432,745
812,1,1998-07-18,8076194937,746
990,1,1935-09-29,8731483691,747
748,1,1981-10-01,0283365796,748
594,0,1989-05-06,8280277879,749
120,1,1944-11-10,2461204539,750
843,0,1992-07-26,6916036286,751
459,0,1976-07-09,8015558523,752
055,1,1996-02-18,2249974706,753
618,0,1997-05-25,3928570990,754
227,0,1975-01-05,2566391959,755
597,1,1947-03-05,9583889029,756
204,0,1978-02-13,3134905669,757
828,1,1952-04-23,8879460404,758
942,0,2003-04-30,8677070943,759
081,0,1947-03-28,3779911516,760
363,1,1980-03-10,2761396995,761
208,1,1960-05-18,9708378113,762
733,0,1976-08-07,4957667050,763
982,0,2009-02-06,9597561851,764
157,0,1979-01-21,4859522696,765
170,1,2010-12-25,6958775243,766
112,1,1992-02-01,0809993975,767
690,0,1997-08-15,3226000051,768
568,1,1957-09-03,7286993287,769
387,0,2010-03-14,7390462328,770
516,1,1998-01-25,7956745690,771
268,1,2013-05-29,7446602644,772
271,0,2006-01-10,4647826473,773
302,1,1999-09-01,3610629973,774
074,0,1942-01-01,2678733170,775
525,1,1987-03-09,4674188674,776
318,0,1989-12-02,5688065216,777
552,1,2016-11-16,1954460102,778
670,0,1964-02-17,8989467342,779
731,0,1945-06-01,0178395406,780
858,0,1974-11-12,0989641243,781
853,1,1965-01-29,2871334100,782
573,0,1965-04-16,3921174560,783
850,0,1957-09-26,0854363028,784
191,0,1990-01-09,9001928781,785
240,1,1979-04-24,9937205566,786
077,0,1987-02-13,8577407444,787
994,0,2015-10-05,6931197852,788
245,1,2018-07-16,3435367106,789
230,0,1950-08-17,1391954011,790
488,1,1956-06-30,3057531673,791
249,1,1945-09-25,4029796040,792
108,0,1939-05-14,2805096947,793
875,1,2014-04-08,1524818461,794
119,1,2010-02-07,5040211772,795
277,0,1948-03-20,3017721999,796
914,1,2002-09-23,8228320576,797
807,0,1950-11-10,6596448341,798
443,0,1980-12-13,5779967309,799
074,1,1995-11-24,0835222462,800
957,1,1933-05-13,4468991991,801
785,0,1986-12-14,5920155611,802
216,1,1973-06-28,0415711552,803
167,1,1992-02-15,9678913774,804
610,1,2015-07-23,8235536793,805
909,1,1948-09-13,0791783925,806
743,0,2005-07-26,2261014431,807
520,1,2017-11-29,0033240992,808
114,1,1941-12-09,9640935084,809
007,0,1948-05-21,5072202198,810
694,0,1949-05-16,7643561847,811
638,1,1998-10-30,1749894029,812
299,1,2008-03-04,2724901728,813
096,0,1975-03-31,9860434866,814
809,1,2009-10-17,6290352115,815
374,1,1956-08-08,5843662049,816
354,1,1997-11-12,2355250927,817
992,0,1938-03-30,0440812586,818
655,0,1940-03-05,8247154688,819
095,0,1975-08-04,8912490705,820
201,0,2008-03-13,6316935344,821
951,1,1968-01-05,5406520139,822
322,0,2013-10-24,5716214189,823
985,1,1989-10-17,5980555040,824
112,1,1980-01-25,4669394922,825
690,0,1947-12-09,6777327344,826
775,1,1942-07-20,8441855574,827
639,1,2007-03-24,8307098095,828
779,0,2004-08-29,2461378824,829
097,0,1972-05-04,1065712131,830
470,1,1992-04-14,3139252558,831
251,0,1987-08-01,6900560804,832
932,0,1999-04-19,7014145422,833
300,1,1959-08-08,5933869999,834
950,0,1951-11-01,5363397016,835
654,1,1986-06-13,6966497943,836
050,0,1978-04-27,1992239147,837
524,1,1970-05-08,9003231402,838
777,0,2006-11-27,2244197413,839
751,1,1945-05-07,7187756531,840
691,0,1961-01-14,9820161880,841
967,1,1991-01-10,2170018409,842
007,0,1966-08-19,2284755573,843
647,0,2010-11-23,6761655540,844
557,1,1966-10-10,4222948062,845
890,0,1956-11-29,0843744428,846
275,1,2017-11-01,0473081940,847
903,1,1982-12-21,5671518869,848
572,1,2012-10-16,1966780354,849
544,1,1991-02-25,0361992275,850
039,1,2015-07-18,8029191885,851
549,0,1976-03-25,7634880162,852
137,0,1981-03-16,6927939483,853
467,1,1991-04-26,6475491974,854
617,1,1994-11-10,7399659925,855
790,0,2018-11-14,7993700342,856
481,0,2015-08-26,8632967555,857
732,1,1942-05-09,5609280270,858
548,1,2021-03-05,9774754626,859
239,0,1974-02-27,2351258713,860
599,0,1985-05-21,0914040600,861
400,1,1943-11-25,3566744282,862
115,1,1973-05-10,6551540126,863
069,1,2004-05-12,7063210754,864
619,0,1976-01-19,2673599674,865
944,0,1941-04-02,3506478503,866
856,0,1954-12-03,0045799009,867
411,0,2009-06-07,2348262307,868
127,0,1932-11-01,6467330904,869
187,1,1939-04-14,0978770663,870
406,1,1938-06-02,4829848647,871
814,1,2013-07-17,8266309138,872
950,0,1981-07-17,1468216277,873
846,0,1953-01-02,7031879757,874
912,0,1991-08-31,1939744975,875
371,1,1988-07-20,6908012102,876
335,1,1946-01-11,7918784501,877
353,1,1939-10-21,7695851512,878
830,0,1940-03-21,2703859749,879
789,0,2009-10-31,2275839197,880
115,1,1970-09-07,3191902309,881
601,0,2019-07-22,1578070417,882
685,1,2006-03-16,3760063202,883
619,1,1983-10-17,3185857468,884
802,1,1946-05-20,8969635662,885
303,1,1973-07-02,8520031268,886
994,1,1945-09-01,1924690136,887
936,0,1971-05-02,5237412160,888
971,1,1943-04-17,7086681079,889
719,0,1939-03-16,8092551940,890
904,1,1989-12-14,9386721223,891
175,0,1937-12-17,2258630392,892
109,0,1936-04-20,7328401943,893
776,0,1934-12-20,4141528254,894
636,0,1961-10-01,6490335136,895
559,0,1969-04-02,3018026727,896
159,1,1947-08-18,5545690696,897
745,0,1949-01-19,1240590053,898
832,1,1980-01-27,8332188432,899
453,1,1951-05-17,4380891161,900
836,1,1988-01-29,6863089378,901
612,1,1945-05-19,8770765856,902
553,0,1994-05-20,8196988051,903
794,1,2005-05-29,2936922151,904
019,1,1943-03-13,4737743099,905
188,1,1940-05-04,9538874384,906
528,0,1951-08-17,6243989080,907
589,0,2007-02-22,7004978406,908
145,0,1941-06-24,6758557930,909
788,1,1998-04-01,0500078067,910
569,1,1967-03-21,9267423271,911
341,1,2007-01-14,9563145896,912
841,1,1946-08-10,5941240599,913
874,0,1935-12-03,6298190796,914
227,0,1982-06-03,9850440184,915
742,1,1953-07-17,4206248101,916
714,1,1994-06-06,8102665524,917
035,0,1932-05-26,0806479131,918
234,0,1965-08-27,8750866295,919
544,0,2001-06-14,5509444057,920
030,1,1952-05-20,8940393655,921
374,1,1980-02-10,1667245400,922
514,0,1951-10-03,8566692274,923
723,0,1980-06-20,0036925438,924
822,0,1942-01-27,7948935618,925
271,0,1966-05-05,3458840865,926
537,1,2002-02-16,5420743252,927
043,1,1973-10-13,6390643075,928
074,1,2000-10-30,1545259949,929
374,0,2018-12-29,6609184725,930
223,1,1937-12-30,8378424724,931
386,1,1970-04-20,2745402716,932
684,1,1942-02-08,6935758915,933
117,1,1943-09-04,0012795258,934
592,1,2020-06-17,4908223098,935
193,1,1972-03-13,4147873079,936
806,0,1944-12-01,2117230143,937
965,0,2017-04-14,0653401587,938
576,0,1967-07-21,6943182348,939
370,1,1996-10-17,2291453812,940
514,0,1985-11-13,0308490263,941
620,1,1961-04-17,2207688903,942
183,1,1983-03-13,8102693315,943
484,0,1954-03-09,9112301876,944
540,0,1974-05-29,3834799328,945
053,0,1946-10-31,3102806094,946
568,0,1978-05-28,8720105651,947
856,1,2020-12-18,7512469774,948
681,1,1989-09-05,0721075271,949
121,0,1991-05-13,9102189864,950
741,1,1985-09-14,3856376538,951
304,0,1962-06-30,2610985203,952
349,0,1939-05-20,9748618003,953
535,0,1965-04-29,9885697113,954
088,1,1973-07-30,5222153886,955
745,0,2018-10-26,4205985973,956
565,1,1985-05-30,0083889253,957
109,1,1947-07-20,7029884368,958
805,0,1989-07-05,7822233223,959
834,0,1947-09-16,6977964322,960
553,0,2009-02-27,9322269558,961
294,1,1949-05-21,7374156116,962
648,1,1984-01-30,2723210086,963
193,1,2002-09-17,7278290171,964
556,1,1937-05-19,8985355177,965
846,0,2016-04-02,2351070286,966
382,0,1949-09-28,7184342785,967
204,0,1985-08-10,5354391545,968
993,1,1958-09-26,8955774810,969
897,1,1949-03-28,2685362198,970
504,0,1970-09-05,4590982643,971
742,1,1949-06-22,7366823094,972
937,1,2002-12-17,1436388526,973
305,0,2002-08-21,0382159780,974
207,0,1968-05-16,3143844688,975
926,1,1978-11-07,9670026179,976
648,0,1946-11-03,2257327249,977
928,1,2003-01-15,3185904311,978
531,1,1970-06-19,9729692141,979
233,0,1940-05-28,1600042880,980
036,1,2013-08-31,9056000605,981
623,0,1992-08-10,8076139027,982
265,1,1996-07-13,9906478125,983
073,1,1968-08-06,0497022917,984
578,0,1973-04-24,3152746565,985
290,0,2004-01-01,6761489946,986
998,1,2019-07-27,2198346529,987
791,1,2010-02-21,3626101867,988
125,0,1991-06-07,9844227974,989
850,0,2011-05-03,5436366225,990
369,0,2009-09-17,0354523782,991
207,1,1989-02-24,6085643147,992
022,0,2012-11-15,7381230269,993
983,1,1988-11-14,2424069712,994
359,1,2017-11-05,8017794359,995
358,0,1935-06-06,6961748338,996
168,0,1950-02-07,3045292341,997
123,1,1993-09-18,5422871068,998
308,1,1998-06-28,2287188950,999
838,1,1945-03-11,5136526922,1000
862,1,1982-08-25,8970174093,1001
341,0,1937-04-06,3821570054,1002
295,1,1980-01-31,3085089589,1003
036,1,1994-08-18,8029042161,1004
857,0,1949-07-06,4539778240,1005
359,0,1964-12-29,0026365881,1006
471,0,1971-05-17,7035651352,1007
367,0,1934-02-12,0376837195,1008
215,1,2003-04-14,0447536472,1009
177,0,1973-03-17,0469421764,1010
257,1,1963-08-16,6449542137,1011
173,1,1936-07-03,8558850819,1012
711,0,1937-06-09,3042499456,1013
994,0,1951-08-13,1188856404,1014
806,1,2014-04-21,3883517653,1015
234,1,1970-04-21,8419860426,1016
045,0,1959-04-22,8602947211,1017
029,1,1946-05-15,7811602471,1018
564,1,2005-03-05,5672630612,1019
396,1,1939-09-20,9995619686,1020
576,0,1991-04-01,5389646240,1021
130,0,1986-09-17,0606945925,1022
761,1,2000-06-17,8041607716,1023
011,1,2021-01-19,8499510131,1024
992,0,1944-01-04,0398428478,1025
356,0,1958-09-30,0005676973,1026
830,1,1959-10-17,9346284509,1027
815,0,2014-05-30,7601126762,1028
812,0,1945-05-19,9716009732,1029
027,1,2008-07-01,4808067395,1030
725,1,1934-10-21,8012830120,1031
579,1,2012-12-14,6757706802,1032
723,1,1994-07-28,2323006246,1033
355,1,2017-08-17,8874697412,1034
729,1,1958-03-21,1230064591,1035
934,0,2015-04-09,6363165699,1036
757,1,1966-09-08,9420353421,1037
392,1,1992-12-22,8214406056,1038
407,1,1955-05-16,6332342119,1039
890,0,1949-01-20,2761400807,1040
368,1,1937-08-28,8213285641,1041
817,1,1955-11-01,6343314981,1042
287,0,1957-06-17,1955825643,1043
163,0,1964-05-04,3108437829,1044
022,0,2014-03-12,8571017980,1045
918,1,1993-12-15,3727867457,1046
781,1,1950-06-10,4322192282,1047
946,0,1938-08-31,0472050784,1048
191,1,1962-01-04,6415010569,1049
658,1,1934-03-30,3329167989,1050
371,0,1975-08-06,4002351177,1051
396,0,1969-08-19,8071649806,1052
964,0,1980-03-02,5809308657,1053
084,0,1998-07-09,0275565090,1054
206,1,1966-08-14,6182960215,1055
608,1,1946-07-11,7832971440,1056
655,0,2004-11-17,1508531820,1057
868,0,1938-11-27,3594296390,1058
939,0,1936-01-15,0834418189,1059
565,0,2019-03-01,5734125251,1060
560,1,2017-08-11,1644523916,1061
258,0,1973-02-17,4787994723,1062
157,0,1938-11-01,0019729929,1063
656,0,2017-02-22,0596049603,1064
191,1,2010-04-19,8253186753,1065
495,0,2000-04-25,4699640099,1066
371,0,2008-11-09,6095876232,1067
309,0,1946-06-17,6344557062,1068
011,0,1969-05-06,7562797948,1069
439,0,1952-12-12,8446702470,1070
809,1,2007-07-26,8795868331,1071
636,1,1952-11-18,5378746814,1072
381,1,1942-08-17,8021391947,1073
136,0,1999-06-10,2379007208,1074
659,0,1969-06-06,4484892462,1075
082,1,2011-05-11,5321863146,1076
780,0,2017-08-31,5583983166,1077
468,0,2017-05-06,8142968173,1078
158,0,1988-05-20,4538337685,1079
894,0,1940-10-15,1461972136,1080
559,0,1939-08-12,0714673851,1081
613,0,1954-06-19,8690978853,1082
649,0,1962-11-19,2210410791,1083
375,0,1967-06-07,5623575974,1084
659,0,1947-08-17,4249085362,1085
852,1,1932-11-03,4262367605,1086
325,1,1938-10-20,8603225742,1087
951,1,2000-03-21,4806389130,1088
700,1,1982-08-31,5737401506,1089
447,1,2015-03-29,1384601009,1090
044,0,1956-05-15,2375245833,1091
471,1,1997-04-20,7525589342,1092
306,1,1976-07-06,9041053356,1093
931,1,1959-12-06,5690808895,1094
296,1,1986-04-06,3247649915,1095
693,0,1934-06-21,4176224615,1096
742,1,1987-01-04,0517387857,1097
215,1,2018-11-09,0469133906,1098
574,0,2004-03-24,5460441388,1099
395,1,1979-09-09,5527796265,1100
260,1,1933-04-01,4475179245,1101
388,1,1979-06-13,9591395498,1102
238,0,1992-03-25,2091554611,1103
749,0,2008-11-16,7084118520,1104
683,1,1950-03-12,7410896370,1105
703,0,1988-11-11,6393169203,1106
964,1,1994-05-29,2921821729,1107
019,0,2020-03-14,7765630160,1108
655,0,1999-10-20,4774122145,1109
478,1,1978-01-04,8228997015,1110
588,0,1966-03-11,5744761489,1111
131,0,2009-10-16,5738476477,1112
653,1,1933-03-27,3844056281,1113
953,0,1960-08-17,0668083928,1114
566,0,1969-02-04,7583642516,1115
399,0,1985-07-19,7606585473,1116
233,0,1961-07-20,1586575929,1117
776,0,1950-04-25,4724208930,1118
727,0,1989-02-14,6727004248,1119
743,0,1951-03-31,9188218948,1120
926,1,1983-02-14,8517998007,1121
547,1,1972-11-30,8451061254,1122
785,1,1976-01-22,6551701055,1123
528,1,2008-02-13,3324560266,1124
310,1,1938-03-17,9136713082,1125
839,1,1973-06-23,7282667182,1126
522,1,1947-06-12,3924211177,1127
505,1,1958-05-12,2886480314,1128
337,0,2007-07-08,0775800055,1129
225,0,2007-06-20,7317807196,1130
852,1,1978-12-06,3842113016,1131
609,0,1933-06-10,3848760751,1132
845,0,1965-04-03,5331313804,1133
909,0,2006-03-17,2728928914,1134
598,1,1977-08-03,0202991121,1135
196,1,2001-03-25,9686230082,1136
934,0,1978-04-03,3753013282,1137
639,0,1961-07-22,9555772865,1138
681,0,1969-05-07,3329973819,1139
144,0,1950-11-03,1764392652,1140
284,0,1983-11-11,0252059905,1141
393,0,1977-05-25,2727343413,1142
073,1,2021-02-03,8631201275,1143
158,1,1981-08-29,4769273091,1144
083,1,1944-01-25,7433008971,1145
298,0,2016-06-04,1738664530,1146
191,1,1953-02-14,9061132446,1147
664,0,2011-10-01,3762650361,1148
593,0,1990-11-30,5773245881,1149
099,1,2020-09-26,1645726302,1150
292,0,1958-10-24,5440148264,1151
033,1,1988-01-24,1437118225,1152
605,0,1976-07-16,0710291839,1153
915,0,1950-06-12,7284277619,1154
797,0,1988-02-19,6751821271,1155
798,0,1985-05-09,9510290626,1156
365,1,1939-08-12,9428941595,1157
385,0,2020-11-08,5375679517,1158
478,0,1944-06-27,9706519989,1159
525,0,1978-02-21,4090885298,1160
114,1,1945-12-18,5663701082,1161
862,1,1994-09-08,6448061900,1162
550,0,2012-04-04,6649712105,1163
182,0,1960-11-29,0501765726,1164
281,0,1963-02-13,3184390915,1165
805,1,1952-04-08,8306165647,1166
115,0,1939-05-29,6304986285,1167
501,0,2011-02-12,3652187655,1168
067,1,1963-01-07,7731728371,1169
303,0,1953-10-17,2360268813,1170
404,1,1949-03-20,9278465598,1171
933,0,2009-09-10,8723809543,1172
157,1,1971-02-19,4678304382,1173
182,0,1960-03-02,9607401053,1174
808,0,1965-03-15,4831474580,1175
850,0,2000-11-22,2991924612,1176
042,0,2020-11-06,8946169400,1177
008,1,1941-09-25,5619732470,1178
368,1,1984-10-06,1340424141,1179
167,0,1942-12-17,7060416120,1180
556,1,1987-03-18,9731021121,1181
560,1,2011-03-31,0706091644,1182
348,0,1995-01-28,9256178504,1183
566,1,2012-10-12,2674250415,1184
748,1,1985-10-31,2004565091,1185
796,0,1933-06-15,6426617242,1186
050,1,1934-12-02,3943635925,1187
721,0,1987-07-26,7096674178,1188
539,1,1974-05-02,7807450919,1189
924,1,1994-08-06,9540800653,1190
500,0,1967-04-05,4542900984,1191
585,0,2020-09-12,0095375543,1192
007,1,1948-07-21,0381867366,1193
174,0,2000-12-23,4790186049,1194
851,1,1959-01-28,5855767691,1195
782,0,2006-10-31,8359985103,1196
130,1,1979-12-05,6708410017,1197
329,0,1967-04-13,6717935387,1198
523,0,1957-08-04,8769771642,1199
915,0,1993-07-16,2076867067,1200
586,0,1969-09-11,6736999366,1201
326,0,1934-10-26,1175086663,1202
346,0,1986-10-24,6250168168,1203
155,1,1964-08-21,4631064708,1204
269,0,1979-01-20,1860209702,1205
146,1,1959-05-18,9181451893,1206
526,1,1982-09-04,7355860113,1207
773,0,1995-05-24,5507839041,1208
165,1,1988-09-12,9227504403,1209
409,1,1969-06-28,6069550466,1210
731,1,1954-12-08,2303537982,1211
880,0,1998-04-13,4871470750,1212
846,1,1948-05-29,6466900102,1213
986,1,1952-09-08,4483581650,1214
128,1,1943-12-22,6874648309,1215
597,1,1994-08-10,4624667166,1216
527,0,2002-11-03,5255323850,1217
348,0,1995-11-20,4678653659,1218
270,0,1991-06-05,9373273634,1219
903,0,1947-10-26,2765238727,1220
207,1,1969-12-20,0793952397,1221
452,1,2007-01-28,3462387987,1222
336,1,1940-11-09,3363757678,1223
205,0,1965-12-13,2893038731,1224
710,0,2019-09-04,0068573055,1225
322,0,2003-06-05,6540381743,1226
950,1,1944-12-15,3834232443,1227
386,1,1954-04-16,3335157168,1228
583,0,2001-01-05,4621183849,1229
142,1,2000-10-22,0498224639,1230
801,0,1959-10-24,8624644401,1231
120,0,2015-09-15,3812923345,1232
545,0,1941-12-09,3180807231,1233
671,0,1946-07-06,0374538282,1234
226,0,2017-11-28,2833787434,1235
593,1,1988-11-03,2672370990,1236
055,1,1952-02-09,0182230626,1237
286,0,1946-05-08,6651635999,1238
104,0,2012-04-10,5282980088,1239
613,0,1992-07-02,6326573366,1240
073,0,1986-03-04,0001174777,1241
041,1,1989-12-24,7079137955,1242
866,1,1951-09-09,3107031025,1243
913,1,1959-03-02,9218611157,1244
684,1,1970-11-12,9300745723,1245
584,1,1996-11-10,1141522176,1246
252,0,1972-05-10,1356979012,1247
654,1,1975-04-13,0455753794,1248
671,0,1964-08-12,2916214763,1249
591,1,1968-08-27,4442906125,1250
694,1,1996-12-20,5704626184,1251
690,1,1968-09-26,8319183068,1252
074,1,1958-01-20,5346100241,1253
766,1,2008-01-19,7254969005,1254
417,1,1971-12-24,3876574060,1255
708,1,1977-06-07,1164463077,1256
096,1,2009-05-29,3869854386,1257
352,0,1968-01-04,2672970349,1258
025,0,1955-06-08,9055347376,1259
692,1,1979-03-13,8418675548,1260
995,0,1962-07-12,1562761082,1261
203,0,1944-04-25,5751921808,1262
476,1,2020-09-15,8154324429,1263
230,0,1953-10-28,0895816427,1264
752,0,2015-05-09,2361028170,1265
254,0,1965-09-02,5286969869,1266
048,0,1956-04-14,5751210320,1267
664,1,1987-01-02,4222239279,1268
061,0,1995-08-19,5272050043,1269
679,1,1940-05-19,7718857665,1270
386,0,1939-11-23,1772076444,1271
802,0,1944-07-21,8108187815,1272
867,1,1957-02-06,0385904502,1273
688,1,1991-05-11,2152708921,1274
911,1,1951-04-20,5470097705,1275
626,0,1959-10-05,6450845522,1276
518,1,1949-11-06,8956200409,1277
023,1,1982-12-13,0084526723,1278
025,1,1968-04-15,5537835109,1279
893,1,1976-07-08,1985439602,1280
853,1,1971-06-07,5323140741,1281
636,1,1948-05-03,2567184689,1282
601,1,1948-01-21,2203447682,1283
263,1,1995-09-12,8181480511,1284
425,0,1943-05-26,5804062383,1285
149,1,1984-12-01,1326341210,1286
885,1,1998-05-17,4122872121,1287
188,1,2019-10-24,1113774928,1288
162,1,1973-11-08,5507919729,1289
651,0,1964-07-12,6380712614,1290
308,1,1935-10-07,2970059965,1291
840,1,1937-01-15,2680020395,1292
520,1,1971-09-11,5213751102,1293
532,1,1980-05-14,0420194795,1294
676,1,1977-11-28,5619226298,1295
875,0,2018-04-15,5819223571,1296
236,1,2005-03-11,5286688896,1297
208,0,1954-01-26,4854360171,1298
987,0,1953-11-09,9584642253,1299
557,1,2014-12-25,9925098260,1300
712,1,1935-03-02,5217848811,1301
984,0,2012-12-21,3594861268,1302
750,0,1982-10-31,6518338836,1303
186,0,1983-09-26,7894032633,1304
111,0,1997-03-29,0294174271,1305
714,1,1952-01-23,2337839697,1306
055,1,2014-09-14,5561195997,1307
965,1,1970-08-18,3833475191,1308
934,1,1979-03-16,3408306364,1309
921,1,1991-07-23,1420622913,1310
870,1,2001-01-29,9932218605,1311
438,1,1985-03-31,0608373940,1312
129,0,1942-11-22,4638499242,1313
302,0,1986-08-30,5231380525,1314
381,1,1987-04-08,7638918151,1315
456,1,2007-03-26,3942298429,1316
947,0,2009-02-07,1590539860,1317
848,0,1997-12-22,8725464552,1318
541,0,1935-10-25,6847222627,1319
787,0,1975-05-31,1924525041,1320
740,1,1950-11-01,5891976759,1321
945,1,1943-07-25,3003843713,1322
144,1,2004-12-23,8286065068,1323
111,1,2014-04-05,1579511704,1324
215,0,1939-11-14,3389398042,1325
851,1,1968-12-16,4884280908,1326
372,1,1990-03-05,2329546450,1327
496,0,2008-05-04,4370245290,1328
102,1,1941-01-19,9924739367,1329
607,0,2015-10-03,5493796316,1330
939,1,1996-06-29,8479709179,1331
758,1,2005-12-13,1304330370,1332
793,0,1979-10-30,6165552557,1333
998,0,1996-11-18,9724559226,1334
792,1,1983-10-05,9438771091,1335
964,1,1995-04-04,6936973734,1336
802,1,1999-01-04,8409774993,1337
088,0,2018-12-29,0252447207,1338
593,0,2020-12-24,9758163365,1339
161,0,1964-01-16,9690181705,1340
288,0,1983-08-29,3529959304,1341
712,0,1938-12-14,7342107786,1342
395,0,2020-10-26,5000253477,1343
676,1,1961-10-20,6489918188,1344
785,0,2004-01-04,1533313475,1345
439,0,1980-11-29,4665087512,1346
066,0,1939-11-16,0652941123,1347
691,0,2003-02-17,1443073656,1348
071,0,1944-09-12,0343475203,1349
142,1,1941-04-11,7877651966,1350
780,0,1989-02-11,9778366282,1351
314,1,2011-01-06,9971778285,1352
914,0,1941-05-31,9444499184,1353
143,1,1969-09-27,8011482117,1354
684,0,1984-05-31,8256643746,1355
101,1,1993-08-16,4910795896,1356
983,0,1933-03-14,1899444625,1357
553,0,1992-12-01,8172112378,1358
285,0,1934-11-20,9917635147,1359
414,0,2015-09-26,7168283266,1360
518,0,2021-02-08,9919495408,1361
356,0,1969-03-19,5043443304,1362
108,0,1938-10-19,4803920689,1363
521,1,1989-10-02,0154341975,1364
947,1,1970-07-19,3286722521,1365
350,1,1968-01-01,1984545094,1366
985,1,1972-05-03,2549383777,1367
118,1,2020-07-25,8490512357,1368
495,0,2014-01-05,8879560924,1369
608,0,1948-06-06,0197278003,1370
074,1,2005-11-17,9631901358,1371
658,0,1947-08-06,2834204244,1372
150,1,1979-07-16,6331532282,1373
896,0,1988-10-18,5895801094,1374
578,0,1966-09-18,6091404257,1375
289,1,1955-01-26,8585821038,1376
599,0,1951-04-30,7231512490,1377
856,0,1996-07-29,5827703349,1378
301,1,1937-07-07,1989263234,1379
137,0,1996-11-12,9342557829,1380
558,1,1934-01-07,5302791009,1381
364,1,1939-09-29,9102309654,1382
175,0,1945-01-06,3607036441,1383
450,0,1976-02-08,0744698137,1384
036,1,1967-10-04,7429774565,1385
405,0,1975-01-21,0621861054,1386
786,1,1936-12-25,8771280685,1387
857,1,1978-09-26,5147622312,1388
073,0,2006-04-28,8770027732,1389
471,1,2016-07-08,3899374814,1390
946,1,1996-03-03,1747461701,1391
508,0,2004-01-03,9658504471,1392
777,1,1938-10-27,8803409162,1393
623,1,1998-07-10,7884416000,1394
191,0,1972-02-26,0463845372,1395
231,0,1962-12-29,4700792220,1396
203,0,1974-08-07,4204537221,1397
314,0,1972-03-21,5500684140,1398
514,0,2016-02-19,4658385724,1399
994,1,2007-05-06,6537077087,1400
963,1,1965-12-27,3571217662,1401
352,0,1977-06-29,5278887136,1402
781,0,1991-11-09,2306084322,1403
912,0,1968-11-16,9708023233,1404
627,1,1979-05-15,0292388010,1405
084,1,1958-08-12,7363389108,1406
756,0,2016-07-22,0336069284,1407
968,0,2017-12-04,7265524096,1408
539,1,1976-07-30,9117856245,1409
528,0,2002-01-12,1949770058,1410
996,0,2017-08-29,3921173839,1411
954,1,2003-05-27,6333658544,1412
196,1,1959-12-25,5239395128,1413
678,1,1934-04-26,4883694248,1414
316,1,2013-03-22,1060186009,1415
428,0,1973-02-27,5265517020,1416
199,0,1990-06-08,7378626226,1417
953,1,1996-10-13,1941705567,1418
445,1,1939-07-25,7461154346,1419
390,1,1975-01-04,2787887667,1420
010,1,1933-07-29,7577876227,1421
235,1,2018-06-03,0748900700,1422
017,1,1938-02-17,7199457327,1423
227,1,1994-05-10,2494132406,1424
887,0,1963-01-09,1301910801,1425
460,1,2019-01-20,7306756449,1426
496,0,2001-06-03,3828958026,1427
626,0,1990-08-18,6946424057,1428
416,1,1981-02-04,8488560446,1429
234,1,1947-04-16,6848227329,1430
227,1,1983-03-23,9654016706,1431
044,0,1950-10-21,4664541073,1432
376,0,1980-09-23,9517479774,1433
708,0,1943-04-24,3830525745,1434
475,1,1984-11-06,0278264722,1435
815,0,2000-04-03,3474896176,1436
899,1,1961-08-13,7639858315,1437
834,1,1939-05-06,4018799836,1438
593,0,1934-08-06,9256402769,1439
258,1,2017-03-25,0681037807,1440
468,0,1962-04-30,5761765816,1441
074,1,1975-08-26,5016333101,1442
024,0,1962-02-04,4263528896,1443
799,0,1940-03-04,3694731543,1444
603,0,1953-01-28,4791271611,1445
026,0,1981-09-14,7344895778,1446
228,0,1955-01-31,2610143762,1447
428,0,2011-05-25,4891301448,1448
771,0,1949-10-31,9672580928,1449
854,0,1933-02-21,2780945855,1450
611,0,1944-04-08,6989771491,1451
375,1,1992-12-12,9126885253,1452
720,0,1933-08-10,0222465857,1453
222,0,1950-03-07,1836699144,1454
651,1,2005-02-06,5396520887,1455
321,1,1966-11-08,7129846295,1456
977,0,1955-02-16,4485632987,1457
697,0,1936-08-29,8168740305,1458
018,1,1982-10-12,3684476437,1459
329,1,1959-06-07,7610834542,1460
166,1,1933-08-22,6461590530,1461
563,1,1984-06-21,0842768846,1462
540,0,2016-03-13,9734248377,1463
510,0,1941-11-14,9568033684,1464
870,0,1977-05-10,9343212240,1465
895,1,1963-10-04,7973860254,1466
008,1,1944-08-31,8287306352,1467
441,1,1942-11-22,9266395386,1468
573,1,2013-06-11,9401375348,1469
200,0,1969-05-24,0393286231,1470
210,0,1985-01-28,8292100780,1471
498,0,1989-05-12,7167434091,1472
553,1,1960-07-05,2403494903,1473
743,1,1975-11-03,9590972889,1474
717,0,1957-11-27,2010614313,1475
271,1,2003-07-11,4416642868,1476
202,1,1948-03-16,2976736543,1477
981,0,1953-04-30,0336004419,1478
535,0,1992-03-07,1228306637,1479
052,0,2009-05-06,9244884549,1480
321,0,1997-09-05,7334722690,1481
266,0,1954-06-19,9043566280,1482
593,1,2009-05-09,2331740049,1483
802,0,1992-01-20,1601037221,1484
351,1,1995-05-10,0540040362,1485
351,1,2010-10-30,6572436876,1486
377,1,1968-05-10,8808470616,1487
608,0,1942-07-14,0267364371,1488
204,0,1937-09-03,9907681038,1489
633,0,1997-12-15,8827099007,1490
225,0,1999-05-25,5592438892,1491
586,1,1983-04-29,3007798188,1492
267,0,1976-02-03,3860551546,1493
348,1,1941-01-05,2190480170,1494
386,1,1997-09-18,7422545593,1495
133,0,1967-10-01,5592983362,1496
374,0,1960-01-12,6540626287,1497
110,0,1960-07-05,1084841446,1498
722,1,1956-12-07,9973489479,1499
944,1,2009-08-23,8448251115,1500
299,0,1976-01-01,0794189935,1501
975,0,2000-12-21,3943954492,1502
609,0,1943-03-15,0187492244,1503
178,1,1962-09-07,6797085111,1504
870,1,1935-03-27,0904230396,1505
074,0,1945-06-27,9513505480,1506
013,1,1944-10-06,8845288052,1507
059,0,2003-10-25,1495398139,1508
370,1,1949-03-22,9389517128,1509
149,1,1986-03-06,3182721079,1510
220,1,1977-10-06,4930887569,1511
017,1,2021-03-26,5251076257,1512
990,0,1977-07-28,9283589529,1513
465,0,1986-01-15,4928883978,1514
482,1,1992-09-19,0186172047,1515
472,0,1953-12-23,9029064151,1516
314,1,1932-06-09,3588388261,1517
356,1,1983-06-07,5298336855,1518
546,1,1938-02-11,0868580917,1519
807,1,1944-01-15,9773797505,1520
214,1,1947-12-28,4303019550,1521
607,0,1944-11-22,4135233262,1522
371,0,1980-02-13,4555162362,1523
078,0,2005-12-07,3746395759,1524
161,0,1973-11-21,0629242848,1525
943,1,1971-05-06,0924146410,1526
730,0,2009-10-20,1327655817,1527
500,1,1957-10-01,2752937234,1528
199,1,1945-03-19,3566310553,1529
917,1,1991-11-22,7275935902,1530
038,1,1938-10-21,8909236210,1531
014,0,2005-05-31,2499266319,1532
498,0,1991-12-11,6631237166,1533
532,1,1995-01-07,5905029724,1534
839,0,1984-09-08,5025327607,1535
766,1,1960-02-22,6571020212,1536
075,0,2007-05-03,3927374066,1537
804,1,1953-12-31,6762189547,1538
049,0,2011-02-04,7094995923,1539
686,0,1947-12-11,9082749938,1540
687,1,1960-01-23,6596789652,1541
217,1,2000-11-05,8059769897,1542
722,1,1971-02-25,0057220014,1543
725,1,1968-06-11,8648317033,1544
033,1,2018-08-19,2773861713,1545
701,1,1974-01-19,9587184414,1546
597,1,1934-05-05,1078155187,1547
065,0,1964-06-09,0475545132,1548
189,1,2001-11-29,1982986179,1549
038,0,2002-06-17,4626836081,1550
761,0,1937-12-22,5533681054,1551
076,1,2015-07-29,2114106425,1552
830,0,1943-10-04,3586733449,1553
937,1,2019-12-19,0000056629,1554
188,0,1969-02-19,7994520443,1555
606,0,2011-07-31,6664808928,1556
349,1,1965-07-14,8063577934,1557
400,1,1957-12-20,7528319209,1558
305,0,1976-08-09,4308794347,1559
776,1,1948-06-07,6284549134,1560
554,1,1940-04-07,3920707947,1561
388,1,1934-05-19,4669799992,1562
264,0,1959-08-30,7695780045,1563
759,1,2019-07-19,5876560280,1564
621,1,2002-11-08,3160494547,1565
042,1,1938-06-08,6955585149,1566
963,0,1990-01-19,8228178226,1567
139,1,1941-09-23,7163382410,1568
672,1,1985-04-23,3302408977,1569
736,0,1946-03-17,1967985995,1570
265,0,1933-12-31,3290888766,1571
684,1,1953-01-19,1981809517,1572
905,1,1964-03-08,6270024238,1573
612,1,1968-10-12,0311578583,1574
253,0,1973-05-05,2259133066,1575
748,1,1972-07-03,8026322152,1576
358,1,1974-08-23,4013041855,1577
805,1,1974-11-24,4691542587,1578
173,1,2013-10-21,7171171774,1579
123,1,2020-08-17,3834317266,1580
403,0,1968-02-16,0766215180,1581
487,1,2011-09-20,5733905362,1582
936,1,1937-12-10,6090642714,1583
246,0,2000-04-27,4294449486,1584
213,0,1998-02-25,5598701775,1585
163,1,1935-08-20,7627846456,1586
513,1,1975-06-13,7578592884,1587
511,0,2018-03-16,3672559122,1588
300,0,2017-10-01,5818246515,1589
798,0,2010-06-26,5626345069,1590
965,0,2004-10-29,1008365389,1591
479,1,1954-12-16,3594936999,1592
570,0,1984-05-19,5101670563,1593
768,0,1998-05-14,0319531024,1594
408,1,1934-06-03,3510299677,1595
262,0,2009-11-21,0290445486,1596
614,0,1983-04-22,9752218047,1597
324,1,2012-11-26,7929302711,1598
437,1,1957-06-16,8966005797,1599
173,0,1949-06-26,8466790101,1600
436,0,1951-04-02,6796059028,1601
954,0,1985-06-12,9983104669,1602
012,1,2002-10-20,6418803375,1603
821,1,2008-10-04,6569534816,1604
090,1,1953-06-20,0359759650,1605
716,1,2002-07-02,5644109594,1606
771,1,1990-06-21,2495249830,1607
340,0,1942-04-11,4509407413,1608
912,0,1941-09-05,7800738251,1609
673,0,2004-11-29,4864216670,1610
979,1,2001-05-07,4696927246,1611
707,0,1984-05-01,9628802911,1612
094,0,1999-01-22,1484859470,1613
240,0,1938-11-16,0516324884,1614
834,1,2014-05-11,6956848839,1615
197,0,1961-12-10,6863074881,1616
233,0,1968-02-01,9528679882,1617
892,1,2016-12-24,4907501393,1618
254,0,2014-04-28,7884763873,1619
228,1,1976-02-06,5798425335,1620
347,1,1944-10-16,5806129044,1621
955,0,2020-10-20,8219248690,1622
785,0,2010-10-07,2401511329,1623
925,1,1943-03-02,7706082324,1624
382,0,2012-03-13,4359314142,1625
723,1,1964-05-15,2201398238,1626
433,1,1987-04-21,1100577541,1627
155,1,2009-12-19,9441988814,1628
972,0,1961-04-24,7681066494,1629
040,1,1988-03-17,2920942369,1630
041,0,1963-01-03,1759358643,1631
971,1,1977-10-17,5006619798,1632
421,1,2003-06-23,5053633171,1633
863,1,1957-10-22,2231982752,1634
857,0,1943-08-19,4501881576,1635
435,0,1964-09-25,6684603398,1636
234,0,1943-09-15,7091226898,1637
207,1,1977-02-04,1066543521,1638
483,1,1938-10-05,0028001276,1639
560,1,1988-02-16,5566381193,1640
278,1,1955-04-29,6048811694,1641
262,0,1969-12-24,6731171658,1642
567,1,2020-11-25,1006975776,1643
481,1,1967-02-16,9259357620,1644
483,1,1969-01-18,0194133807,1645
796,1,1990-04-29,2132658941,1646
707,0,2019-09-14,3574145184,1647
647,1,1994-10-22,8601582865,1648
108,1,1970-12-13,6236188270,1649
635,0,1937-06-30,8949422452,1650
823,1,2009-07-26,3924865013,1651
379,0,1972-06-01,4486436953,1652
616,0,2011-02-18,2560835456,1653
145,1,1964-11-02,6353750156,1654
977,0,1999-01-26,0329408433,1655
806,0,1937-03-05,3840303002,1656
895,1,1962-06-04,4272244232,1657
429,0,1966-02-12,4638945665,1658
905,1,1972-11-19,7723557161,1659
910,0,1968-03-26,6069839984,1660
984,0,2005-04-22,3475412173,1661
545,0,2006-09-27,5742153224,1662
955,1,1999-08-13,9778978267,1663
678,0,1988-02-01,1917489618,1664
239,1,2017-09-19,9618447278,1665
157,1,1984-08-24,8901966804,1666
944,1,1952-02-21,9525507137,1667
713,0,1947-04-15,9549729311,1668
512,1,1934-11-07,6109098705,1669
603,0,1975-11-19,0898386092,1670
984,1,2014-09-16,2681464793,1671
526,0,1972-08-24,9313742426,1672
640,0,1942-07-21,1784403449,1673
237,0,1957-04-02,2497385168,1674
731,1,1936-07-27,7052007877,1675
274,1,1962-09-17,2837962050,1676
121,0,1979-08-10,9463698480,1677
641,1,1969-04-04,7808989108,1678
728,1,2006-03-25,3821990186,1679
653,0,2005-06-30,9920349025,1680
985,0,2006-11-25,4330671428,1681
883,0,1972-01-06,6539428390,1682
040,1,2004-02-19,8278124144,1683
726,0,2016-11-26,2933767154,1684
938,1,1982-06-25,3209914111,1685
248,0,1976-01-15,7470433307,1686
760,0,1969-09-28,4243383166,1687
162,1,1975-02-01,0504295030,1688
604,1,2016-07-08,2068327791,1689
208,0,1996-02-08,7985638042,1690
085,0,1976-10-27,6254198627,1691
058,0,1994-07-21,2014257149,1692
903,0,2011-02-04,5242959524,1693
443,0,2004-03-20,5088921824,1694
151,0,1936-01-30,5930114251,1695
835,1,1993-02-09,7019474216,1696
463,0,1963-10-26,1159827507,1697
799,1,2000-04-13,3776945140,1698
981,0,1990-01-20,1203461544,1699
978,1,2006-11-28,0979326041,1700
166,0,1934-08-16,2484162206,1701
421,1,1949-07-28,7215818098,1702
464,0,1935-08-17,3677812985,1703
490,0,1958-02-16,0314883138,1704
986,0,1938-10-17,1809859178,1705
063,0,2005-05-21,0243280301,1706
925,1,1973-06-03,0982248974,1707
384,0,1960-06-04,5275184351,1708
021,0,1960-10-11,1795417130,1709
882,1,1936-03-29,3538622002,1710
793,0,1984-01-17,5533232628,1711
977,0,1994-11-06,4622807877,1712
696,1,1956-02-06,1492974973,1713
076,0,1974-11-07,6685794201,1714
728,1,1997-08-11,6130945299,1715
355,1,1960-04-18,3030115764,1716
048,1,1971-06-25,4173794062,1717
020,1,1939-09-05,4025032053,1718
274,0,1945-12-09,0518091244,1719
744,1,1967-08-23,0931268062,1720
962,1,1952-09-06,0826658520,1721
906,0,1940-03-29,9068783425,1722
603,0,1977-09-12,0267054965,1723
618,0,1983-11-14,2816025772,1724
196,1,2003-06-26,2434750913,1725
301,1,1946-05-17,1654936033,1726
146,1,1951-03-28,1993841209,1727
668,1,1989-10-08,5203148994,1728
296,0,1989-04-05,5684996014,1729
608,0,1970-08-14,7072139626,1730
615,0,1956-01-26,2282953148,1731
899,1,1945-04-24,0415294403,1732
581,1,1960-08-23,2636937816,1733
193,1,2012-01-06,9594198139,1734
714,0,1941-01-21,3139329877,1735
906,0,1981-10-19,2451016494,1736
033,1,2016-04-16,7081212312,1737
748,1,1932-08-22,3117631868,1738
516,0,1967-03-10,7296602751,1739
977,1,2004-03-12,4670546605,1740
205,0,2012-06-08,5683118736,1741
858,0,1958-02-10,3688578991,1742
262,1,1964-05-13,6753786075,1743
285,0,1974-03-27,4578982285,1744
509,1,1936-07-24,2114826861,1745
911,0,1981-02-17,0813379667,1746
999,0,2020-05-11,7040469439,1747
233,0,1979-05-04,3101373500,1748
496,0,1934-08-29,7068025523,1749
571,1,1975-09-30,1819017250,1750
212,1,2014-04-29,5506916087,1751
241,1,1997-10-28,8091640340,1752
488,0,1982-04-12,9171395265,1753
108,0,1987-01-08,2816783649,1754
793,1,1948-06-25,3018307489,1755
268,0,1945-04-20,3566173237,1756
684,1,1942-03-03,5615403702,1757
837,1,1959-07-02,9033816335,1758
244,1,1990-04-11,3613079144,1759
940,1,1982-12-13,8692778420,1760
205,0,1949-06-15,4627734886,1761
813,1,1968-05-08,1639968576,1762
406,1,1961-12-09,2359777738,1763
139,1,2005-01-02,8196234251,1764
305,0,1949-04-15,0838901653,1765
532,0,1955-12-26,3074843962,1766
141,1,1936-05-01,9147364516,1767
488,1,1940-09-05,8121495191,1768
762,1,1956-03-24,7774657487,1769
916,0,2016-07-05,2731651680,1770
531,0,2000-09-08,0104538316,1771
994,1,1984-12-12,6453086979,1772
327,1,1993-07-03,5082155215,1773
927,0,1942-11-12,8010242263,1774
047,1,2016-08-26,4096175108,1775
213,0,1998-03-05,3166294042,1776
529,1,2004-08-09,0196272325,1777
814,0,1992-12-06,4327472534,1778
370,1,2013-05-24,7540695192,1779
315,1,2010-01-08,8074219495,1780
745,0,2014-11-20,3418853436,1781
321,0,1975-06-12,6551558783,1782
016,0,2002-02-21,9711269431,1783
130,0,1955-07-20,8424072570,1784
861,1,1962-10-21,7320182039,1785
176,0,1940-01-06,6951757554,1786
419,1,2015-11-27,9697625863,1787
056,1,1988-06-25,0829790136,1788
810,1,2008-02-14,8040471964,1789
668,0,1951-10-24,0388915640,1790
455,0,1963-12-26,1994958122,1791
886,0,1967-09-19,3049320138,1792
030,1,1969-04-13,6273953463,1793
477,0,1948-10-07,1632068708,1794
866,0,2018-04-03,9133614165,1795
377,1,1971-11-03,3267571677,1796
391,0,2007-08-23,1934200430,1797
668,0,1934-10-11,5371041034,1798
241,1,1983-09-16,6137674824,1799
103,0,1989-04-18,8728905149,1800
743,0,1987-11-02,3485676567,1801
975,0,1993-06-25,6879100815,1802
766,0,1994-03-27,2301196782,1803
577,0,2002-11-19,2855191164,1804
513,0,1986-11-13,9333799970,1805
695,1,1941-07-15,4769589132,1806
936,1,1989-11-07,9177572115,1807
760,0,1999-11-11,6572467487,1808
949,1,1974-01-23,8444585417,1809
570,1,1968-03-21,6462253516,1810
666,1,2002-02-22,2748448726,1811
732,0,1967-10-16,3284697363,1812
262,0,1966-12-10,9754893563,1813
101,0,1967-05-24,6112845635,1814
090,1,1945-10-31,2573433839,1815
602,1,1940-02-25,4328741839,1816
200,0,2014-02-23,6186354842,1817
845,1,1995-03-30,9774637665,1818
647,0,1977-03-07,0219298532,1819
094,1,2005-07-06,9232638167,1820
391,1,2019-05-21,9494099844,1821
928,1,1943-09-09,9790853346,1822
375,1,1966-06-10,8035438244,1823
766,0,1968-07-04,4767432514,1824
247,1,1980-05-11,0261203341,1825
299,0,1980-01-20,0589043257,1826
183,1,1967-02-04,0675882247,1827
951,0,1962-12-09,9682090918,1828
637,0,2003-10-25,3790992857,1829
095,1,1958-12-02,6540920162,1830
593,0,1999-08-16,6630570125,1831
206,1,2010-06-26,0056874649,1832
930,1,1937-06-18,3104017299,1833
645,1,1995-10-25,9852575809,1834
935,0,2005-11-05,6865825935,1835
627,0,2015-11-18,0523344352,1836
701,0,1971-11-29,6575498246,1837
643,0,2000-09-25,5125497869,1838
817,1,1988-02-01,5878326622,1839
097,1,1976-11-10,9135586126,1840
772,1,1949-06-09,8903196817,1841
555,1,1932-08-07,9441693883,1842
680,0,1968-07-17,8701174191,1843
664,1,1986-10-25,5277211064,1844
298,0,1952-04-01,4310741155,1845
600,0,1987-06-26,7973348129,1846
872,0,1997-03-06,4920138491,1847
299,0,1973-03-22,3314200252,1848
371,1,2017-01-27,1504948706,1849
494,0,1996-11-23,5310841086,1850
679,1,1998-12-14,1418884507,1851
303,0,1976-04-24,9892878093,1852
617,1,1978-03-07,3913193662,1853
644,0,1939-03-28,7350526990,1854
917,0,1968-08-06,4042732312,1855
421,0,1977-11-27,3690262020,1856
452,1,2014-09-17,3879771392,1857
157,1,1959-12-28,8168411641,1858
626,1,1951-11-28,0360597011,1859
272,1,1987-08-21,0856487403,1860
499,0,2006-05-15,6381804586,1861
599,1,1989-04-20,3900630704,1862
541,0,1943-08-08,5634438552,1863
283,1,1993-08-23,1735690018,1864
970,0,2004-11-22,5450173048,1865
717,0,2004-01-12,7538303131,1866
268,1,1934-01-07,0065477048,1867
149,0,2018-08-12,2384709409,1868
946,1,1934-08-04,0866605714,1869
512,1,1950-09-21,2423580563,1870
520,1,1934-02-08,1475948818,1871
143,0,2016-08-02,1323627901,1872
778,0,1941-07-17,3939305529,1873
291,1,1964-02-16,3145831488,1874
758,1,1957-12-05,8379149876,1875
673,1,1955-08-13,8663411715,1876
092,1,1965-08-05,9391333837,1877
821,1,1981-11-06,6754147697,1878
662,1,1948-02-09,7157815409,1879
945,1,2007-05-04,5247663236,1880
991,0,1986-05-03,4400872613,1881
116,0,2012-11-27,3587005812,1882
166,1,1956-01-05,6096467867,1883
914,0,1937-06-10,6321535196,1884
070,1,1965-02-23,8858562544,1885
152,1,1970-05-07,0173124839,1886
252,1,1974-12-03,6774048802,1887
119,1,2005-10-27,1999476478,1888
721,0,1972-02-10,2337604812,1889
245,1,1953-03-08,5343709136,1890
145,1,1981-06-15,1572966062,1891
153,0,1952-07-03,7501897600,1892
651,0,1940-12-04,1442069404,1893
761,1,2013-02-18,4454098738,1894
385,1,2019-11-27,7225095069,1895
058,0,1970-03-10,1316093636,1896
712,0,1952-12-10,4988985299,1897
495,0,1945-06-16,6102306687,1898
904,0,1964-02-06,2505285180,1899
402,0,1941-07-30,8176841232,1900
476,0,2016-01-10,7252526070,1901
211,1,1940-09-09,1104086400,1902
097,1,1932-05-13,2760358572,1903
149,1,1960-03-14,1943181536,1904
211,0,1983-09-26,4105144798,1905
791,0,2014-03-02,8251909561,1906
226,1,1947-07-09,9757793123,1907
653,0,1953-11-10,8326482181,1908
932,1,2013-12-07,9134215510,1909
376,0,1966-01-19,7520393306,1910
371,0,1945-05-23,4252603003,1911
991,0,2011-11-25,9808164191,1912
078,0,1978-12-02,7648982135,1913
017,1,1952-08-02,9768481877,1914
493,0,1967-04-24,0511089458,1915
463,0,1985-09-17,4612798272,1916
711,0,1937-05-09,6212035917,1917
604,0,2003-11-18,0830516042,1918
298,1,1956-03-01,5036123129,1919
587,0,2009-08-04,2447256868,1920
800,0,2012-01-08,2846079185,1921
954,1,1967-10-15,4498603504,1922
994,1,2001-09-07,3955780253,1923
637,0,2003-08-05,3973181503,1924
988,0,1946-10-10,0462303090,1925
446,0,2020-01-03,8765628133,1926
109,0,2002-03-05,2320720672,1927
808,0,1990-12-01,6372652688,1928
474,0,1999-03-21,5175551593,1929
201,1,1976-08-07,6346664113,1930
774,1,1982-11-22,3054698544,1931
112,0,2010-11-17,9692892406,1932
646,0,2001-06-30,3903522333,1933
199,1,1986-12-28,7962944994,1934
807,0,1943-07-30,2729306108,1935
940,0,2002-03-23,6138420587,1936
151,0,1992-11-06,5674937126,1937
536,0,2006-12-02,6665930979,1938
371,0,2003-04-21,6341534260,1939
198,1,2006-09-04,8581909539,1940
807,1,1997-05-06,2080270238,1941
798,0,1960-08-25,2463042467,1942
387,0,2002-12-03,0009229294,1943
147,1,1978-04-26,6262005749,1944
436,1,1962-10-21,1590617532,1945
271,0,1950-06-27,1782455520,1946
113,1,1973-10-08,2425638119,1947
049,1,2009-07-28,6423478734,1948
937,0,2002-06-28,6508733247,1949
632,0,1961-04-27,1377898552,1950
434,0,2011-12-09,8530792710,1951
724,0,1944-03-25,0478019454,1952
170,0,1990-11-04,4841920620,1953
141,1,1941-08-03,8609813608,1954
044,1,1981-02-07,3330009511,1955
967,0,1991-04-23,7975904668,1956
829,0,1969-09-22,4567539487,1957
572,1,1999-10-24,0857156992,1958
462,1,1993-01-03,1808307961,1959
551,0,1943-02-01,5460280576,1960
696,1,1936-05-01,0341023845,1961
468,1,1977-03-31,3336411059,1962
987,1,1969-06-07,4292610298,1963
144,0,1983-09-20,6915430610,1964
096,0,1991-03-09,0075198983,1965
145,0,1951-11-20,7835049624,1966
808,1,1968-02-24,1960094956,1967
169,1,1941-05-20,1519732651,1968
994,0,2003-11-06,6946697698,1969
172,0,1964-11-11,6441328303,1970
876,1,1994-12-14,3979701113,1971
253,1,2010-09-13,0427005811,1972
351,1,2005-06-11,3464979714,1973
207,1,1970-09-04,3177178276,1974
734,1,1972-02-17,5541859412,1975
191,0,1982-08-25,9781458398,1976
589,0,2014-12-28,4901717904,1977
549,1,1950-06-25,8247701348,1978
625,1,1940-02-06,9850012378,1979
604,1,1994-10-16,6652572565,1980
953,0,1975-11-18,3081174349,1981
034,1,1981-12-13,0245462718,1982
366,0,2004-12-25,4915773146,1983
832,0,1965-07-26,6800852061,1984
360,0,2016-07-09,5035333795,1985
073,0,1985-07-23,5084095515,1986
681,0,2009-01-17,6378105456,1987
377,0,1952-10-01,8462165668,1988
049,0,1980-06-08,7532538421,1989
690,0,2015-06-11,5810437146,1990
317,0,1934-08-05,7028926887,1991
309,0,1985-10-23,5769727518,1992
995,1,1984-09-12,2558184915,1993
516,1,1937-04-25,6635457613,1994
408,0,2008-04-23,6244751726,1995
348,0,1936-10-06,2536469250,1996
904,0,1980-02-12,3928232588,1997
711,1,2006-10-13,6454733978,1998
807,0,1967-08-17,5267895417,1999
